[{"model": "mailing.clientgroup", "pk": 1, "fields": {"name": "Группа yandex"}}, {"model": "mailing.clientgroup", "pk": 2, "fields": {"name": "Группа домена ru"}}, {"model": "mailing.client", "pk": 8, "fields": {"email": "en.saio@yandex.ru", "first_name": "en.saio", "last_name": "yandex.ru", "comment": "", "is_blocked": false, "domain": "yandex.ru", "groups": [1, 2]}}, {"model": "mailing.client", "pk": 9, "fields": {"email": "en.saio@yandex.by", "first_name": "en.saio", "last_name": "yandex.by", "comment": "", "is_blocked": false, "domain": "yandex.by", "groups": [1]}}, {"model": "mailing.client", "pk": 10, "fields": {"email": "en.saio@yandex.kz", "first_name": "en.saio", "last_name": "yandex.kz", "comment": "", "is_blocked": false, "domain": "yandex.kz", "groups": [1]}}, {"model": "mailing.client", "pk": 11, "fields": {"email": "en.saio@yandex.com", "first_name": "en.saio", "last_name": "yandex.com", "comment": "", "is_blocked": true, "domain": "yandex.com", "groups": [1]}}, {"model": "mailing.client", "pk": 20, "fields": {"email": "en.saio@ro.ru", "first_name": "en.saio", "last_name": "ro.ru", "comment": "", "is_blocked": false, "domain": "ro.ru", "groups": [2]}}, {"model": "mailing.mailingsettings", "pk": 1, "fields": {"time": "12:00:00", "period": "daily", "status": "started", "message": 2, "groups": []}}, {"model": "mailing.mailingsettings", "pk": 2, "fields": {"time": "11:00:00", "period": "weekly", "status": "started", "message": 4, "groups": []}}, {"model": "mailing.mailingsettings", "pk": 3, "fields": {"time": "23:59:00", "period": "monthly", "status": "done", "message": 1, "groups": []}}, {"model": "mailing.mailingsettings", "pk": 4, "fields": {"time": "15:00:00", "period": "daily", "status": "created", "message": 4, "groups": []}}, {"model": "mailing.mailingsettings", "pk": 5, "fields": {"time": "00:00:00", "period": "daily", "status": "started", "message": 3, "groups": []}}, {"model": "mailing.mailingsettings", "pk": 7, "fields": {"time": "11:59:00", "period": "daily", "status": "started", "message": 4, "groups": []}}, {"model": "mailing.mailingmessage", "pk": 1, "fields": {"subject": "h1", "message": "b1"}}, {"model": "mailing.mailingmessage", "pk": 2, "fields": {"subject": "h2", "message": "b2"}}, {"model": "mailing.mailingmessage", "pk": 3, "fields": {"subject": "h3", "message": "b3"}}, {"model": "mailing.mailingmessage", "pk": 4, "fields": {"subject": "h4", "message": "b4"}}, {"model": "mailing.mailinglog", "pk": 1, "fields": {"client": 8, "settings": 1, "status": "ok", "last_try": "2023-08-30T13:35:10.693Z"}}, {"model": "mailing.mailinglog", "pk": 2, "fields": {"client": 9, "settings": 1, "status": "ok", "last_try": "2023-08-30T13:35:11.246Z"}}, {"model": "mailing.mailinglog", "pk": 3, "fields": {"client": 10, "settings": 1, "status": "ok", "last_try": "2023-08-30T13:35:11.490Z"}}, {"model": "mailing.mailinglog", "pk": 4, "fields": {"client": 11, "settings": 1, "status": "ok", "last_try": "2023-08-30T13:35:11.901Z"}}, {"model": "mailing.mailinglog", "pk": 5, "fields": {"client": 8, "settings": 2, "status": "ok", "last_try": "2023-08-30T13:35:12.312Z"}}, {"model": "mailing.mailinglog", "pk": 6, "fields": {"client": 9, "settings": 2, "status": "ok", "last_try": "2023-08-30T13:35:12.754Z"}}, {"model": "mailing.mailinglog", "pk": 7, "fields": {"client": 10, "settings": 2, "status": "ok", "last_try": "2023-08-30T13:35:13.030Z"}}, {"model": "mailing.mailinglog", "pk": 8, "fields": {"client": 11, "settings": 2, "status": "ok", "last_try": "2023-08-30T13:35:13.359Z"}}, {"model": "mailing.mailinglog", "pk": 9, "fields": {"client": 8, "settings": 5, "status": "ok", "last_try": "2023-08-30T13:57:03.079Z"}}, {"model": "mailing.mailinglog", "pk": 10, "fields": {"client": 9, "settings": 5, "status": "ok", "last_try": "2023-08-30T13:57:03.346Z"}}, {"model": "mailing.mailinglog", "pk": 11, "fields": {"client": 10, "settings": 5, "status": "ok", "last_try": "2023-08-30T13:57:03.714Z"}}, {"model": "mailing.mailinglog", "pk": 12, "fields": {"client": 11, "settings": 5, "status": "ok", "last_try": "2023-08-30T13:57:04.109Z"}}, {"model": "mailing.mailinglog", "pk": 13, "fields": {"client": 20, "settings": 1, "status": "ok", "last_try": "2023-08-31T08:36:15.213Z"}}, {"model": "mailing.mailinglog", "pk": 14, "fields": {"client": 20, "settings": 2, "status": "ok", "last_try": "2023-08-31T08:36:15.745Z"}}, {"model": "mailing.mailinglog", "pk": 15, "fields": {"client": 20, "settings": 5, "status": "ok", "last_try": "2023-08-31T08:36:16.228Z"}}, {"model": "mailing.mailinglog", "pk": 16, "fields": {"client": 8, "settings": 7, "status": "ok", "last_try": "2023-08-31T09:05:21.072Z"}}, {"model": "mailing.mailinglog", "pk": 17, "fields": {"client": 9, "settings": 7, "status": "ok", "last_try": "2023-08-31T09:05:21.514Z"}}, {"model": "mailing.mailinglog", "pk": 18, "fields": {"client": 10, "settings": 7, "status": "ok", "last_try": "2023-08-31T09:05:21.798Z"}}, {"model": "mailing.mailinglog", "pk": 19, "fields": {"client": 20, "settings": 7, "status": "ok", "last_try": "2023-08-31T09:05:22.081Z"}}, {"model": "mailing.mailinglog", "pk": 20, "fields": {"client": 8, "settings": 1, "status": "ok", "last_try": "2023-08-31T14:09:42.495Z"}}, {"model": "mailing.mailinglog", "pk": 21, "fields": {"client": 9, "settings": 1, "status": "ok", "last_try": "2023-08-31T14:09:42.857Z"}}, {"model": "mailing.mailinglog", "pk": 22, "fields": {"client": 10, "settings": 1, "status": "ok", "last_try": "2023-08-31T14:09:43.142Z"}}, {"model": "mailing.mailinglog", "pk": 23, "fields": {"client": 8, "settings": 5, "status": "ok", "last_try": "2023-08-31T14:09:43.515Z"}}, {"model": "mailing.mailinglog", "pk": 24, "fields": {"client": 9, "settings": 5, "status": "ok", "last_try": "2023-08-31T14:09:43.953Z"}}, {"model": "mailing.mailinglog", "pk": 25, "fields": {"client": 10, "settings": 5, "status": "ok", "last_try": "2023-08-31T14:09:44.452Z"}}, {"model": "mailing.mailinglog", "pk": 26, "fields": {"client": 20, "settings": 1, "status": "ok", "last_try": "2023-09-01T08:41:56.187Z"}}, {"model": "mailing.mailinglog", "pk": 27, "fields": {"client": 20, "settings": 5, "status": "ok", "last_try": "2023-09-01T08:41:56.617Z"}}, {"model": "mailing.mailinglog", "pk": 28, "fields": {"client": 8, "settings": 1, "status": "ok", "last_try": "2023-09-04T14:43:22.103Z"}}, {"model": "mailing.mailinglog", "pk": 29, "fields": {"client": 9, "settings": 1, "status": "ok", "last_try": "2023-09-04T14:43:23.537Z"}}, {"model": "mailing.mailinglog", "pk": 30, "fields": {"client": 10, "settings": 1, "status": "ok", "last_try": "2023-09-04T14:43:24.939Z"}}, {"model": "mailing.mailinglog", "pk": 31, "fields": {"client": 20, "settings": 1, "status": "ok", "last_try": "2023-09-04T14:43:26.405Z"}}, {"model": "mailing.mailinglog", "pk": 32, "fields": {"client": 8, "settings": 5, "status": "ok", "last_try": "2023-09-04T14:43:27.633Z"}}, {"model": "mailing.mailinglog", "pk": 33, "fields": {"client": 9, "settings": 5, "status": "ok", "last_try": "2023-09-04T14:43:28.862Z"}}, {"model": "mailing.mailinglog", "pk": 34, "fields": {"client": 10, "settings": 5, "status": "ok", "last_try": "2023-09-04T14:43:30.500Z"}}, {"model": "mailing.mailinglog", "pk": 35, "fields": {"client": 20, "settings": 5, "status": "ok", "last_try": "2023-09-04T14:43:31.833Z"}}, {"model": "mailing.mailinglog", "pk": 36, "fields": {"client": 8, "settings": 7, "status": "ok", "last_try": "2023-09-04T14:43:33.878Z"}}, {"model": "mailing.mailinglog", "pk": 37, "fields": {"client": 9, "settings": 7, "status": "ok", "last_try": "2023-09-04T14:43:34.594Z"}}, {"model": "mailing.mailinglog", "pk": 38, "fields": {"client": 10, "settings": 7, "status": "ok", "last_try": "2023-09-04T14:43:35.424Z"}}, {"model": "mailing.mailinglog", "pk": 39, "fields": {"client": 20, "settings": 7, "status": "ok", "last_try": "2023-09-04T14:43:36.070Z"}}]