[{"model": "mailing.clientgroup", "pk": 1, "fields": {"name": "Группа yandex"}}, {"model": "mailing.clientgroup", "pk": 5, "fields": {"name": "Группа домена ru"}}, {"model": "mailing.clientgroup", "pk": 6, "fields": {"name": "Тестовая группа"}}, {"model": "mailing.client", "pk": 8, "fields": {"email": "en.saio@yandex.ru", "first_name": "en.saio", "last_name": "yandex.ru", "comment": "", "is_blocked": false, "domain": "yandex.ru", "groups": [1, 5]}}, {"model": "mailing.client", "pk": 9, "fields": {"email": "en.saio@yandex.by", "first_name": "en.saio", "last_name": "yandex.by", "comment": "", "is_blocked": false, "domain": "yandex.by", "groups": [1]}}, {"model": "mailing.client", "pk": 10, "fields": {"email": "en.saio@yandex.kz", "first_name": "en.saio", "last_name": "yandex.kz", "comment": "", "is_blocked": false, "domain": "yandex.kz", "groups": [1]}}, {"model": "mailing.client", "pk": 11, "fields": {"email": "en.saio@yandex.com", "first_name": "en.saio", "last_name": "yandex.com", "comment": "", "is_blocked": true, "domain": "yandex.com", "groups": [1]}}, {"model": "mailing.client", "pk": 20, "fields": {"email": "en.saio@ro.ru", "first_name": "en.saio", "last_name": "ro.ru", "comment": "", "is_blocked": false, "domain": "ro.ru", "groups": [5]}}, {"model": "mailing.client", "pk": 64, "fields": {"email": "i@vialor.ru", "first_name": "i", "last_name": "vialor.ru", "comment": "", "is_blocked": false, "domain": "vialor.ru", "groups": [5]}}, {"model": "mailing.mailingsettings", "pk": 2, "fields": {"time": "11:00:00", "period": "weekly", "status": "started", "message": 4, "groups": [1, 5]}}, {"model": "mailing.mailingsettings", "pk": 3, "fields": {"time": "23:59:00", "period": "monthly", "status": "done", "message": 1, "groups": []}}, {"model": "mailing.mailingsettings", "pk": 4, "fields": {"time": "15:00:00", "period": "daily", "status": "created", "message": 4, "groups": [1]}}, {"model": "mailing.mailingsettings", "pk": 5, "fields": {"time": "00:00:00", "period": "daily", "status": "started", "message": 3, "groups": [1]}}, {"model": "mailing.mailingsettings", "pk": 7, "fields": {"time": "11:59:00", "period": "daily", "status": "started", "message": 4, "groups": [1]}}, {"model": "mailing.mailingsettings", "pk": 11, "fields": {"time": "23:45:00", "period": "monthly", "status": "created", "message": null, "groups": []}}, {"model": "mailing.mailingmessage", "pk": 1, "fields": {"subject": "С новым годом!", "message": "Дорогие коллеги, с наступающим Новым годом! Выражаем огромную благодарность за совместную успешно проделанную работу в уходящем году. Вместе мы оперативно решали поставленные задачи, справлялись со сложностями, боролись с конкурентами и своевременно сдавали отчеты! Благодаря слаженной работе вывели компанию на новый уровень! Давайте в Новом году покажем еще лучшие результаты, перевыполним планы и окажемся на шаг впереди конкурентов! Жизненных сил, энергии, успеха и оригинальных идей!"}}, {"model": "mailing.mailingmessage", "pk": 3, "fields": {"subject": "Готовимся к школе!", "message": "Рабочие тетради предназначены для подготовки детей к школе по математике в дошкольных образовательных учреждениях, а также в домашних условиях. Под контролем педагогов или родителей дети, выполняя различные задания, изучают темы \"Количество и счет\", \"Величина\", \"Ориентирование в пространстве\", \"Геометрические фигуры\", \"Графические работы\", \"Логические задачи\".\r\nВ рабочих тетрадях даются проверочные тесты, позволяющие проконтролировать степень усвоения дошкольниками учебного материала. Все представленные тесты и задания апробированы в течение многих лет на занятиях с дошкольниками г. Москвы. Пособия рекомендуются специалистам дошкольно-образовательных учреждений, а также родителям, гувернерам."}}, {"model": "mailing.mailingmessage", "pk": 4, "fields": {"subject": "Цирк уехал на гастроли", "message": "Наш цирк уехал на гастроли\r\nЯ в нем Пьеро и Арлекин\r\nТакие выпали мне роли\r\nПрикольно вышло, ты прикинь\r\n\r\nПрипев:\r\nА люди кричат, слезы текут ручьями\r\nИз глаз девчат, но я по тебе скучаю\r\nДумаю о тебе, думаю\r\nИ никуда не денется – думаю\r\nДумаю о тебе, думаю\r\nИ никуда не денется – думаю\r\n\r\nВот мы приехали на площадь\r\nПо-моему, да в Череповце\r\nМне Арлекином как-то проще\r\nПобольше грима на лице\r\n\r\nПрипев:\r\nА люди кричат, слезы текут ручьями\r\nИз глаз девчат, но я по тебе скучаю\r\nДумаю о тебе, думаю\r\nИ никуда не денется – думаю\r\nДумаю о тебе, думаю\r\nИ никуда не денется – думаю\r\n\r\nИ странно так, что с моей рожей\r\nВ последнем акте я Пьеро\r\nМы с ним ни капли не похожи\r\nКак фальш паршивых каверов\r\n\r\nПрипев:\r\nА люди кричат, слезы текут ручьями\r\nИз глаз девчат, но я по тебе скучаю\r\nДумаю о тебе, думаю\r\nИ никуда не денется – думаю\r\nДумаю о тебе, думаю\r\nИ никуда не денется – думаю\r\nДумаю о тебе, думаю\r\nИ никуда не денется – думаю\r\nДумаю о тебе, думаю\r\nИ никуда не денется – думаю."}}, {"model": "mailing.mailinglog", "pk": 5, "fields": {"client": 8, "settings": 2, "status": "ok", "last_try": "2023-08-30T13:35:12.312Z"}}, {"model": "mailing.mailinglog", "pk": 6, "fields": {"client": 9, "settings": 2, "status": "ok", "last_try": "2023-08-30T13:35:12.754Z"}}, {"model": "mailing.mailinglog", "pk": 7, "fields": {"client": 10, "settings": 2, "status": "ok", "last_try": "2023-08-30T13:35:13.030Z"}}, {"model": "mailing.mailinglog", "pk": 8, "fields": {"client": 11, "settings": 2, "status": "ok", "last_try": "2023-08-30T13:35:13.359Z"}}, {"model": "mailing.mailinglog", "pk": 9, "fields": {"client": 8, "settings": 5, "status": "ok", "last_try": "2023-08-30T13:57:03.079Z"}}, {"model": "mailing.mailinglog", "pk": 10, "fields": {"client": 9, "settings": 5, "status": "ok", "last_try": "2023-08-30T13:57:03.346Z"}}, {"model": "mailing.mailinglog", "pk": 11, "fields": {"client": 10, "settings": 5, "status": "ok", "last_try": "2023-08-30T13:57:03.714Z"}}, {"model": "mailing.mailinglog", "pk": 12, "fields": {"client": 11, "settings": 5, "status": "ok", "last_try": "2023-08-30T13:57:04.109Z"}}, {"model": "mailing.mailinglog", "pk": 14, "fields": {"client": 20, "settings": 2, "status": "ok", "last_try": "2023-08-31T08:36:15.745Z"}}, {"model": "mailing.mailinglog", "pk": 15, "fields": {"client": 20, "settings": 5, "status": "ok", "last_try": "2023-08-31T08:36:16.228Z"}}, {"model": "mailing.mailinglog", "pk": 16, "fields": {"client": 8, "settings": 7, "status": "ok", "last_try": "2023-08-31T09:05:21.072Z"}}, {"model": "mailing.mailinglog", "pk": 17, "fields": {"client": 9, "settings": 7, "status": "ok", "last_try": "2023-08-31T09:05:21.514Z"}}, {"model": "mailing.mailinglog", "pk": 18, "fields": {"client": 10, "settings": 7, "status": "ok", "last_try": "2023-08-31T09:05:21.798Z"}}, {"model": "mailing.mailinglog", "pk": 19, "fields": {"client": 20, "settings": 7, "status": "ok", "last_try": "2023-08-31T09:05:22.081Z"}}, {"model": "mailing.mailinglog", "pk": 23, "fields": {"client": 8, "settings": 5, "status": "ok", "last_try": "2023-08-31T14:09:43.515Z"}}, {"model": "mailing.mailinglog", "pk": 24, "fields": {"client": 9, "settings": 5, "status": "ok", "last_try": "2023-08-31T14:09:43.953Z"}}, {"model": "mailing.mailinglog", "pk": 25, "fields": {"client": 10, "settings": 5, "status": "ok", "last_try": "2023-08-31T14:09:44.452Z"}}, {"model": "mailing.mailinglog", "pk": 27, "fields": {"client": 20, "settings": 5, "status": "ok", "last_try": "2023-09-01T08:41:56.617Z"}}, {"model": "mailing.mailinglog", "pk": 32, "fields": {"client": 8, "settings": 5, "status": "ok", "last_try": "2023-09-04T14:43:27.633Z"}}, {"model": "mailing.mailinglog", "pk": 33, "fields": {"client": 9, "settings": 5, "status": "ok", "last_try": "2023-09-04T14:43:28.862Z"}}, {"model": "mailing.mailinglog", "pk": 34, "fields": {"client": 10, "settings": 5, "status": "ok", "last_try": "2023-09-04T14:43:30.500Z"}}, {"model": "mailing.mailinglog", "pk": 35, "fields": {"client": 20, "settings": 5, "status": "ok", "last_try": "2023-09-04T14:43:31.833Z"}}, {"model": "mailing.mailinglog", "pk": 36, "fields": {"client": 8, "settings": 7, "status": "ok", "last_try": "2023-09-04T14:43:33.878Z"}}, {"model": "mailing.mailinglog", "pk": 37, "fields": {"client": 9, "settings": 7, "status": "ok", "last_try": "2023-09-04T14:43:34.594Z"}}, {"model": "mailing.mailinglog", "pk": 38, "fields": {"client": 10, "settings": 7, "status": "ok", "last_try": "2023-09-04T14:43:35.424Z"}}, {"model": "mailing.mailinglog", "pk": 39, "fields": {"client": 20, "settings": 7, "status": "ok", "last_try": "2023-09-04T14:43:36.070Z"}}, {"model": "mailing.mailinglog", "pk": 40, "fields": {"client": 64, "settings": 5, "status": "ok", "last_try": "2023-09-06T05:27:19.633Z"}}, {"model": "mailing.mailinglog", "pk": 41, "fields": {"client": 64, "settings": 7, "status": "ok", "last_try": "2023-09-06T05:27:21.169Z"}}, {"model": "mailing.mailinglog", "pk": 42, "fields": {"client": 64, "settings": 2, "status": "ok", "last_try": "2023-09-06T05:27:22.603Z"}}, {"model": "mailing.mailinglog", "pk": 43, "fields": {"client": 8, "settings": 11, "status": "ok", "last_try": "2023-09-06T06:20:14.133Z"}}, {"model": "mailing.mailinglog", "pk": 44, "fields": {"client": 20, "settings": 11, "status": "ok", "last_try": "2023-09-06T06:20:15.268Z"}}, {"model": "mailing.mailinglog", "pk": 45, "fields": {"client": 64, "settings": 11, "status": "ok", "last_try": "2023-09-06T06:20:16.075Z"}}, {"model": "mailing.mailinglog", "pk": 46, "fields": {"client": 8, "settings": 5, "status": "ok", "last_try": "2023-09-06T07:23:56.659Z"}}, {"model": "mailing.mailinglog", "pk": 47, "fields": {"client": 9, "settings": 5, "status": "ok", "last_try": "2023-09-06T07:23:58.093Z"}}, {"model": "mailing.mailinglog", "pk": 48, "fields": {"client": 10, "settings": 5, "status": "ok", "last_try": "2023-09-06T07:23:59.628Z"}}, {"model": "mailing.mailinglog", "pk": 49, "fields": {"client": 11, "settings": 5, "status": "ok", "last_try": "2023-09-06T07:24:00.960Z"}}, {"model": "mailing.mailinglog", "pk": 50, "fields": {"client": 8, "settings": 7, "status": "ok", "last_try": "2023-09-06T07:24:02.393Z"}}, {"model": "mailing.mailinglog", "pk": 51, "fields": {"client": 9, "settings": 7, "status": "ok", "last_try": "2023-09-06T07:24:03.827Z"}}, {"model": "mailing.mailinglog", "pk": 52, "fields": {"client": 10, "settings": 7, "status": "ok", "last_try": "2023-09-06T07:24:05.363Z"}}, {"model": "mailing.mailinglog", "pk": 53, "fields": {"client": 9, "settings": 11, "status": "ok", "last_try": "2023-09-06T07:28:10.896Z"}}, {"model": "mailing.mailinglog", "pk": 54, "fields": {"client": 10, "settings": 11, "status": "ok", "last_try": "2023-09-06T07:28:12.251Z"}}, {"model": "mailing.mailinglog", "pk": 55, "fields": {"client": 11, "settings": 11, "status": "ok", "last_try": "2023-09-06T07:28:13.273Z"}}, {"model": "mailing.mailinglog", "pk": 56, "fields": {"client": 8, "settings": 2, "status": "ok", "last_try": "2023-09-06T13:53:29.396Z"}}, {"model": "mailing.mailinglog", "pk": 57, "fields": {"client": 9, "settings": 2, "status": "ok", "last_try": "2023-09-06T13:53:30.147Z"}}, {"model": "mailing.mailinglog", "pk": 58, "fields": {"client": 10, "settings": 2, "status": "ok", "last_try": "2023-09-06T13:53:31.002Z"}}, {"model": "mailing.mailinglog", "pk": 59, "fields": {"client": 11, "settings": 2, "status": "ok", "last_try": "2023-09-06T13:53:31.856Z"}}, {"model": "mailing.mailinglog", "pk": 63, "fields": {"client": 8, "settings": 5, "status": "ok", "last_try": "2023-09-11T18:03:43.544Z"}}, {"model": "mailing.mailinglog", "pk": 64, "fields": {"client": 9, "settings": 5, "status": "ok", "last_try": "2023-09-11T18:03:44.875Z"}}, {"model": "mailing.mailinglog", "pk": 65, "fields": {"client": 10, "settings": 5, "status": "ok", "last_try": "2023-09-11T18:03:46.924Z"}}, {"model": "mailing.mailinglog", "pk": 66, "fields": {"client": 11, "settings": 5, "status": "ok", "last_try": "2023-09-11T18:03:48.254Z"}}, {"model": "mailing.mailinglog", "pk": 67, "fields": {"client": 11, "settings": 5, "status": "ok", "last_try": "2023-09-11T18:03:48.870Z"}}, {"model": "mailing.mailinglog", "pk": 68, "fields": {"client": 8, "settings": 7, "status": "ok", "last_try": "2023-09-11T18:03:49.510Z"}}, {"model": "mailing.mailinglog", "pk": 69, "fields": {"client": 8, "settings": 7, "status": "ok", "last_try": "2023-09-11T18:03:49.937Z"}}, {"model": "mailing.mailinglog", "pk": 70, "fields": {"client": 9, "settings": 7, "status": "ok", "last_try": "2023-09-11T18:03:50.273Z"}}, {"model": "mailing.mailinglog", "pk": 71, "fields": {"client": 9, "settings": 7, "status": "ok", "last_try": "2023-09-11T18:03:50.856Z"}}, {"model": "mailing.mailinglog", "pk": 72, "fields": {"client": 10, "settings": 7, "status": "ok", "last_try": "2023-09-11T18:03:51.111Z"}}, {"model": "mailing.mailinglog", "pk": 73, "fields": {"client": 10, "settings": 7, "status": "ok", "last_try": "2023-09-11T18:03:51.720Z"}}, {"model": "mailing.mailinglog", "pk": 74, "fields": {"client": 20, "settings": 2, "status": "ok", "last_try": "2023-09-11T18:03:52.057Z"}}, {"model": "mailing.mailinglog", "pk": 75, "fields": {"client": 20, "settings": 2, "status": "ok", "last_try": "2023-09-11T18:03:53.218Z"}}, {"model": "mailing.mailinglog", "pk": 76, "fields": {"client": 8, "settings": 5, "status": "ok", "last_try": "2023-09-20T14:37:47.641Z"}}, {"model": "mailing.mailinglog", "pk": 77, "fields": {"client": 9, "settings": 5, "status": "ok", "last_try": "2023-09-20T14:37:48.094Z"}}, {"model": "mailing.mailinglog", "pk": 78, "fields": {"client": 10, "settings": 5, "status": "ok", "last_try": "2023-09-20T14:37:48.498Z"}}, {"model": "mailing.mailinglog", "pk": 79, "fields": {"client": 11, "settings": 5, "status": "ok", "last_try": "2023-09-20T14:37:48.923Z"}}, {"model": "mailing.mailinglog", "pk": 80, "fields": {"client": 8, "settings": 7, "status": "ok", "last_try": "2023-09-20T14:37:49.336Z"}}, {"model": "mailing.mailinglog", "pk": 81, "fields": {"client": 9, "settings": 7, "status": "ok", "last_try": "2023-09-20T14:37:49.730Z"}}, {"model": "mailing.mailinglog", "pk": 82, "fields": {"client": 10, "settings": 7, "status": "ok", "last_try": "2023-09-20T14:37:50.187Z"}}, {"model": "mailing.mailinglog", "pk": 83, "fields": {"client": 8, "settings": 2, "status": "ok", "last_try": "2023-09-20T14:37:50.474Z"}}, {"model": "mailing.mailinglog", "pk": 84, "fields": {"client": 9, "settings": 2, "status": "ok", "last_try": "2023-09-20T14:37:50.934Z"}}, {"model": "mailing.mailinglog", "pk": 85, "fields": {"client": 10, "settings": 2, "status": "ok", "last_try": "2023-09-20T14:37:51.286Z"}}, {"model": "mailing.mailinglog", "pk": 86, "fields": {"client": 11, "settings": 2, "status": "ok", "last_try": "2023-09-20T14:37:51.652Z"}}, {"model": "mailing.mailinglog", "pk": 87, "fields": {"client": 20, "settings": 2, "status": "ok", "last_try": "2023-09-20T14:37:52.161Z"}}, {"model": "mailing.mailinglog", "pk": 88, "fields": {"client": 64, "settings": 2, "status": "ok", "last_try": "2023-09-20T14:37:52.701Z"}}, {"model": "mailing.mailinglog", "pk": 109, "fields": {"client": 8, "settings": 5, "status": "ok", "last_try": "2023-09-25T13:14:36.606Z"}}, {"model": "mailing.mailinglog", "pk": 110, "fields": {"client": 9, "settings": 5, "status": "ok", "last_try": "2023-09-25T13:14:37.102Z"}}, {"model": "mailing.mailinglog", "pk": 111, "fields": {"client": 10, "settings": 5, "status": "ok", "last_try": "2023-09-25T13:14:37.402Z"}}, {"model": "mailing.mailinglog", "pk": 112, "fields": {"client": 11, "settings": 5, "status": "ok", "last_try": "2023-09-25T13:14:37.812Z"}}, {"model": "mailing.mailinglog", "pk": 113, "fields": {"client": 8, "settings": 7, "status": "ok", "last_try": "2023-09-25T13:14:38.253Z"}}, {"model": "mailing.mailinglog", "pk": 114, "fields": {"client": 9, "settings": 7, "status": "ok", "last_try": "2023-09-25T13:14:38.720Z"}}, {"model": "mailing.mailinglog", "pk": 115, "fields": {"client": 10, "settings": 7, "status": "ok", "last_try": "2023-09-25T13:14:39.396Z"}}, {"model": "mailing.mailinglog", "pk": 116, "fields": {"client": 8, "settings": 5, "status": "ok", "last_try": "2023-09-27T07:13:29.883Z"}}, {"model": "mailing.mailinglog", "pk": 117, "fields": {"client": 9, "settings": 5, "status": "ok", "last_try": "2023-09-27T07:13:30.279Z"}}, {"model": "mailing.mailinglog", "pk": 118, "fields": {"client": 10, "settings": 5, "status": "ok", "last_try": "2023-09-27T07:13:30.764Z"}}, {"model": "mailing.mailinglog", "pk": 119, "fields": {"client": 11, "settings": 5, "status": "ok", "last_try": "2023-09-27T07:13:31.068Z"}}, {"model": "mailing.mailinglog", "pk": 120, "fields": {"client": 8, "settings": 7, "status": "ok", "last_try": "2023-09-27T07:13:31.490Z"}}, {"model": "mailing.mailinglog", "pk": 121, "fields": {"client": 9, "settings": 7, "status": "ok", "last_try": "2023-09-27T07:13:31.930Z"}}, {"model": "mailing.mailinglog", "pk": 122, "fields": {"client": 10, "settings": 7, "status": "ok", "last_try": "2023-09-27T07:13:32.364Z"}}]